"id","name","email","phone","job","country"
"1","Mahmoud","mahmoud@gmail.com","01149060652","CS","Egypt"
"2","Hambozo","hambozo@gmail.com","01149060653","CS","USA"
"3","Manga","manga@yahoo.com","01249060654","IT","Egypt"
"4","Noura","noura@yahoo.com","01249060655","IT","USA"
"5","Ola","ola@yahoo.com","01049060654","IT","India"
"6","Wagih","wagih@gmail.com","01049060657","CS","India"
"7","Mohamed","Mohamed@gmail.com","01149060650","IS","Iraq"
"8","Ahmed","Ahmed@gmail.com","01549060650","IS","BRAZIL"
"9","Salma","Salma@gmail.com",NULL,NULL,"BRAZIL"
"10","Sarah","Sarah@gmail.com",NULL,NULL,"India"
